date,observed,trend,seasonal,resid
2025-05-25,0.48717948717948717,0.2499325519537788,0.20430420095600696,0.03294273426970143
2025-05-26,0.24423076923076922,0.2803675225971991,-0.03342486361067626,-0.002711889755753649
2025-05-27,0.17762237762237765,0.31103798141144734,-0.10476148376520653,-0.02865412002386314
2025-05-28,0.16083916083916083,0.3418196364538383,-0.18761379264297073,0.006633317028293284
2025-05-29,0.22197802197802194,0.37264458434532083,-0.1384568986938245,-0.012209663673474369
2025-05-30,0.4358974358974359,0.4034698188761549,0.07054500214975071,-0.03811738512846968
2025-05-31,0.6974358974358973,0.43441286756817843,0.21364456985112953,0.0493784600165893
2025-06-01,0.5727102102102102,0.4665409865844186,0.13105270648054415,-0.02488348285475256
2025-06-02,0.9132601351351352,0.49468140915299186,-0.003477720814948966,0.4220564467970923
2025-06-03,0.5314189189189189,0.5198466550769739,-0.05153962170934266,0.06311188555128766
2025-06-04,0.33949433304272014,0.5418705198121859,-0.2045717129153479,0.002195526145882143
2025-06-05,0.43156059285091547,0.5577315512300998,-0.16136024754057984,0.03518928916139552
2025-06-06,0.7094128611369991,0.5623863540504364,0.07431963577959214,0.07270687130697062
2025-06-07,0.7135135135135136,0.5473194824277137,0.2389169708277677,-0.07272293974196781
2025-06-08,0.3375198728139905,0.5173456695350249,0.060180203326089615,-0.24000600004712402
2025-06-09,0.3117117117117117,0.7029149333503584,0.02523271554160844,-0.4164359371802551
2025-06-10,0.4166534181240063,0.8766263943468513,-3.6667883278917665e-05,-0.45993630833956606
2025-06-11,0.3813766891891892,0.9462958093384859,-0.22197744501886515,-0.3429416751304315
2025-06-12,0.3423873873873874,1.0138764200683843,-0.18307054781169263,-0.4884184848693043
2025-06-13,2.461621621621622,1.1955006765984721,0.07675380522880353,1.189367139794346
2025-06-14,2.9262548262548265,1.3917147998669137,0.26038196019076576,1.274158066197147
2025-06-15,1.341554054054054,1.377973174835957,-0.014043150432693302,-0.022375970349209684
2025-06-16,1.4510395010395007,1.3508429943868272,0.0848743072053488,0.015322199447324714
2025-06-17,1.3647804054054054,1.3160866545714356,0.03392961053612652,0.014764140297843342
2025-06-18,1.0650238473767886,1.274713509507814,-0.2354088725202045,0.025719210389179237
2025-06-19,1.3861486486486485,1.2276067357729403,-0.2003396781623484,0.3588815910380565
2025-06-20,1.2906200317965022,1.1729844054075658,0.09135642787305312,0.02627919851588323
2025-06-21,1.4645803698435278,1.1123640942387971,0.2997234878283765,0.05249278777635413
2025-06-22,1.0514414414414415,1.0481185967097155,-0.0465620414350855,0.049884886166811526
2025-06-23,1.0405405405405406,0.9808822109784632,0.08645390400916171,-0.026795574447084358
2025-06-24,1.1545045045045046,0.9134173730608934,-0.01463316124922044,0.2557202926928317
2025-06-25,0.5824824824824825,0.847628756754341,-0.20955081255606553,-0.05559546171579299
2025-06-26,0.5300253378378378,0.7878751157853056,-0.23643280831516766,-0.02141696963230011
2025-06-27,0.772972972972973,0.74500571631501,0.09123361717989292,-0.06326636052193002
2025-06-28,0.6452452452452453,0.7161924071896465,0.3298927446623885,-0.4008399066067897
2025-06-29,0.6085304054054054,0.6951217696947154,-0.06797121349323769,-0.018620150796072377
2025-06-30,0.47792792792792793,0.6789667887359909,0.07471428063999637,-0.27575314144805935
2025-07-01,0.2999774622492675,0.6631889067986035,-0.05143661708576369,-0.3117748274635723
2025-07-02,0.4522875816993464,0.649276659078332,-0.1665333880928438,-0.03045568928614173
2025-07-03,0.5359477124183006,0.6375323331623725,-0.13796859787533935,0.03638397713126751
2025-07-04,0.7421463208939489,0.6246725250186826,0.08454021503074544,0.032933580844520804
2025-07-05,0.9197478991596639,0.6094785393711619,0.29236962551624257,0.017899734272259438
2025-07-06,0.42657952069716776,0.5893718813920963,-0.0753046669008223,-0.08748769379410626
2025-07-07,0.6999367488931056,0.564046247223418,0.04113002533258611,0.0947604763371015
2025-07-08,0.386318082788671,0.5363358834204692,-0.12276944054066713,-0.027248360091131074
2025-07-09,0.4531465919701214,0.5086080562249801,-0.1307771628657973,0.07531569861093868
2025-07-10,0.4131872356785852,0.4853308281442238,-0.08619812619955129,0.014054533733912689
2025-07-11,0.4801016702977488,0.4672426085883254,0.10297177588759247,-0.09011271417816907
2025-07-12,0.5900560224089636,0.4533942787032068,0.2597089150579585,-0.12304717135220172
2025-07-13,0.35273692810457513,0.4423397497951242,-0.07561094188942932,-0.013991879801119766
2025-07-14,0.3403050108932462,0.43518821214376163,-0.002376087770554357,-0.09250711347996105
2025-07-15,0.40430603613994615,0.43351117250252436,-0.0700475913570005,0.040842454994422295
2025-07-16,0.30780228758169936,0.43899549943812566,-0.1096574044769865,-0.021535807379439775
2025-07-17,0.40755718954248366,0.44947636171558325,-0.09095057009778568,0.04903139792468608
2025-07-18,0.5692425990003844,0.4596725476846248,0.1240929092614478,-0.014522857945688139
2025-07-19,0.6978991596638656,0.46741008359512587,0.24232444624476054,-0.01183537017602082
2025-07-20,0.44618736383442265,0.4743112466005871,-0.056992053570196724,0.028868170804032256
2025-07-21,0.3886991355682058,0.4813398641024599,-0.0655989789285892,-0.02704174960566491
2025-07-22,0.4657952069716776,0.48914174708548624,-0.06102545880283138,0.03767891868902268
2025-07-23,0.372164552095348,0.4970456231269406,-0.10346911136947065,-0.021411959662122004
2025-07-24,0.3256166982922201,0.504588048248313,-0.093603567548297,-0.08536778240779591
2025-07-25,0.7593954248366014,0.5104846927856078,0.14995850171321645,0.09895223033777711
2025-07-26,0.7723622782446312,0.5133291187977193,0.25496110205694644,0.004072057389965522
2025-07-27,0.48409586056644877,0.5123895258805038,-0.048496266633666726,0.020202601319611713
2025-07-28,0.4435729847494554,0.5073068265912786,-0.09013952409846712,0.02640568225664397
2025-07-29,0.4398308342945021,0.4978732421483706,-0.09282453073872236,0.03478212288485383
2025-07-30,0.4270152505446623,0.4828015832986011,-0.10665357538914133,0.05086724263520248
2025-07-31,0.35337690631808283,0.4636896358371163,-0.09333818762582123,-0.016974541893212236
2025-08-01,0.5830696202531644,0.444263696327682,0.1800789063980132,-0.041272982472530695
2025-08-02,0.7076401446654611,0.4268745475894945,0.27910016433491225,0.0016654327410543512
2025-08-03,0.355737035524704,0.4130396290592095,-0.054720649125938194,-0.002581944408567294
2025-08-04,0.2645569620253165,0.4032262354947436,-0.09070109842981883,-0.04796817503960832
2025-08-05,0.21350210970464134,0.3975797832219864,-0.13506070947546503,-0.04901696404188005
2025-08-06,0.2661482820976492,0.39605654320582057,-0.10358572882708221,-0.02632253228108916
2025-08-07,0.3871784401796652,0.3975055500216744,-0.078567562180753,0.06824045233874376
2025-08-08,0.6039556962025316,0.4001641501975874,0.18931700586644298,0.014474540138501302
2025-08-09,0.43065099457504513,0.40231780279873075,0.2890820668573448,-0.2607488750810304
2025-08-10,0.2966244725738396,0.40423621201928067,-0.04977288340961913,-0.05783885603582195
2025-08-11,0.3649789029535865,0.4064415173647421,-0.10147136847038787,0.06000875405923223
2025-08-12,0.4472573839662447,0.40864399311429583,-0.1712950591258056,0.20990844997775443
2025-08-13,0.29789029535864975,0.40951077220440785,-0.10209809750889082,-0.009522379336867282
2025-08-14,0.3079204339963833,0.41097774551592947,-0.06182976683304575,-0.04122754468650042
2025-08-15,0.40210970464135015,0.41276119478962375,0.2009218352459793,-0.21157332539425291
2025-08-16,0.7343813801551653,0.4147926595120581,0.28300337568990036,0.03658534495320681
2025-08-17,0.40230560578661834,0.41804457642165355,-0.048130680641558454,0.032391710006523244
2025-08-18,0.2814345991561181,0.4239030394126789,-0.0937820554820334,-0.04868638477452736
2025-08-19,0.24121370067014142,0.42957182507705166,-0.1699050550922411,-0.018453069314669113
2025-08-20,0.3272151898734177,0.4324908070874549,-0.08926639202594344,-0.01600922518809378
2025-08-21,0.4095309009679821,0.43300446056526026,-0.07434076863562401,0.05086720903834585
2025-08-22,0.641772151898734,0.43308971357923914,0.18847430973604262,0.02020812858345228
2025-08-23,0.6885202968136185,0.432767741059193,0.25842847909545447,-0.0026759233410290073
2025-08-24,0.42356063699469165,0.4310391174015308,-0.045106039981867685,0.03762755957502856
2025-08-25,0.30677827684769293,0.42635628680132986,-0.06908021906954416,-0.050497790884092786
2025-08-26,0.6340415913200722,0.4195295598706059,-0.15326211252584102,0.3677741439753073
2025-08-27,0.36624472573839656,0.4149939582978528,-0.07263565248643603,0.02388641992697982
2025-08-28,0.3067510548523207,0.41430263161596514,-0.08852999342439888,-0.019021583339245585
2025-08-29,0.8215189873417721,0.41563091193936974,0.17888130549853604,0.22700676990386626
2025-08-30,0.6097773897861195,0.4178753253676785,0.21163703867285275,-0.019734974254411786
2025-08-31,0.29554920375663535,0.42071035942005014,-0.04350783227537419,-0.0816533233880406
2025-09-01,0.4551724137931034,0.423159692081779,-0.03227095082090117,0.06428367253222561
2025-09-02,0.32350460122699387,0.4278816713299113,-0.13850687492522526,0.034129804822307874
2025-09-03,0.3791794478527607,0.43615547937386984,-0.06747390272509597,0.01049787120398682
2025-09-04,0.3259713701431493,0.44652511682160956,-0.09761209333627531,-0.022941653342184953
2025-09-05,0.561388036809816,0.45723621521735236,0.17886367232095493,-0.07471185072849129
2025-09-06,0.6285071574642127,0.467675579219155,0.18102534580424884,-0.02019376755919111
2025-09-07,0.46503067484662575,0.47961784169757216,-0.06421056955826618,0.0496234027073198
2025-09-08,0.48426993865030676,0.49488883332392003,0.017590490913830935,-0.02820938558744418
2025-09-09,0.37558705309921725,0.5130683288719868,-0.14378302591866446,0.006301750145894847
2025-09-10,0.46586186423906584,0.5321182332025726,-0.06434974769609944,-0.0019066212674072602
2025-09-11,0.44286809815950917,0.5481349888362019,-0.08685204522294782,-0.018414845453744944
2025-09-12,0.8064417177914109,0.5586161958525376,0.17121476046552117,0.07661076147335211
2025-09-13,0.7349297447061153,0.56624101632581,0.1793821542688273,-0.010693425888522068
2025-09-14,0.5137542054225213,0.5727944738571397,-0.09733076935886906,0.03829050092425068
2025-09-15,0.40122699386503063,0.5781068501326491,0.05911793426910026,-0.2359977905367187
2025-09-16,0.3949837603753158,0.584550099550723,-0.20116212455665736,0.011595785381250168
2025-09-17,0.4593047034764826,0.5918072632644162,-0.04481411057737154,-0.08768844921056207
2025-09-18,0.5390593047034765,0.5990370062445131,-0.06224157459952083,0.0022638730584843003
2025-09-19,1.0503789245759654,0.6094400446186999,0.18285836958958995,0.25808051036767543
2025-09-20,0.7918200408997954,0.62368202802817,0.21103365004205443,-0.04289563717042899
2025-09-21,0.48788911610997493,0.6387669037684583,-0.16696428480250078,0.01608649714401733
2025-09-22,0.7633265167007498,0.6523341168708817,0.08806191518618646,0.022930484643681637
2025-09-23,0.8755590738175342,0.664490476248386,-0.25930065385054557,0.47036925141969366
2025-09-24,0.7051124744376278,0.6740033602047025,0.004158306648278282,0.026950807584646963
2025-09-25,0.6957451019196517,0.681616592287547,-0.06350254987864597,0.07763105951075067
2025-09-26,0.8102813623862914,0.6889045161111649,0.19306739166595252,-0.07169054539082598
2025-09-27,0.9677300613496932,0.6983787175108027,0.2654350077584703,0.003916336080420191
2025-09-28,0.42903885480572596,0.7121611029995464,-0.23130999952061723,-0.05181224867320322
2025-09-29,0.5099912357581069,0.7276158856054572,0.11980673603347386,-0.33743138588082416
2025-09-30,0.4044425639940766,0.7415149347633275,-0.3138857045168258,-0.02318666625242516
2025-10-01,1.3304761904761904,0.7559247031655641,0.007577769612073775,0.5669737176985524
2025-10-02,0.7153273809523809,0.7727226893620799,-0.09345551657079743,0.03606020816109845
2025-10-03,1.0476190476190477,0.7899072048999093,0.21462080814874368,0.04309103457039465
2025-10-04,1.1630952380952382,0.804420891860685,0.3290974173324584,0.029576928902094846
2025-10-05,0.4929421768707483,0.8140780002886809,-0.25835931202029044,-0.06277651139764218
2025-10-06,0.9614661654135338,0.8240791267657472,0.12628909292480558,0.01109794572298095
2025-10-07,0.5037301587301587,0.8378969986757264,-0.3170542302825466,-0.017112609663021083
2025-10-08,0.4022108843537415,0.8546017525308727,0.0212828484701587,-0.47367371664728986
2025-10-09,0.688003663003663,0.8709721182743345,-0.140392691494979,-0.0425757637756925
2025-10-10,0.8734523809523809,0.8745470836319905,0.27883103151194444,-0.2799257341915541
2025-10-11,1.2621315192743763,0.8694141331917231,0.3219947234376767,0.0707226626449764
2025-10-12,0.7216931216931217,0.8670844255326895,-0.24516293268515477,0.09977162884558699
2025-10-13,2.825952380952381,0.8644269702727212,0.02943077312218527,1.9320946375574746
2025-10-14,1.7901190476190476,0.852379040056407,-0.26464441697668173,1.2023844245393223
2025-10-15,0.8631469979296066,0.8308946925882988,0.028988089826815906,0.0032642155144918528
2025-10-16,0.6236607142857142,0.8003101775876446,-0.1629555386345872,-0.013693924667343094
2025-10-17,1.1028645833333333,0.7671474208899024,0.30114274113684464,0.03457442130658628
2025-10-18,0.7504926108374385,0.7337405226171114,0.29816615800594337,-0.28141406978561634
2025-10-19,0.44903993855606755,0.6996704960285169,-0.19730106474569997,-0.05332949272674936
2025-10-20,0.3383640552995392,0.6660970152914781,-0.06016962492397301,-0.2675633350679659
2025-10-21,0.464247311827957,0.6370918169742169,-0.21353111853408896,0.040686613387829085
2025-10-22,0.3492063492063492,0.6106054101313214,0.04067546756323699,-0.3020745284882092
2025-10-23,0.39750384024577573,0.5865021456028875,-0.14305347454059772,-0.045944830816514015
2025-10-24,0.6609002976190476,0.5686411884585578,0.31113081381702257,-0.21887170465653283
2025-10-25,0.756468253968254,0.5549993865806762,0.2640337025131414,-0.06256483512556354
2025-10-26,0.3985863095238095,0.5459566079374542,-0.1583622481843264,0.010991949770681742
2025-10-27,0.37282913165266107,0.5434175519805103,-0.1727507213791486,0.0021623010512993313
2025-10-28,0.29642857142857143,0.547579204303284,-0.14643998528912638,-0.10471064758558618
2025-10-29,0.6150793650793651,0.5533407423415875,0.02581285722959901,0.03592576550817861
2025-10-30,0.5444444444444445,0.5596890926925935,-0.12946705696936125,0.11422240872121225
2025-10-31,0.8162698412698414,0.5664506502700628,0.3030467644049308,-0.05322757340515216
2025-11-01,0.8270605865981587,0.5727586778507803,0.2478831596403706,0.006418749107007793
2025-11-02,0.46559761327615135,0.5788432011551102,-0.12745775980972657,0.014212171930767625
2025-11-03,0.3710302618157089,0.5831771236109412,-0.1780901043513454,-0.03405675744388692
2025-11-04,0.5018579686209744,0.5836861660835101,-0.09836388923440122,0.016535691771865535
2025-11-05,0.5754335260115607,0.5817708735833972,-0.03156522432144607,0.02522787674960958
2025-11-06,0.44890173410404627,0.5795042659201047,-0.13384652326829916,0.0032439914522407465
2025-11-07,0.90986388215551,0.5755593069775331,0.2898537064515538,0.04445086872642312
2025-11-08,0.6362121727303638,0.5702905114071125,0.26628973301879194,-0.20036807169554066
2025-11-09,0.4223781998348472,0.5638946583550957,-0.09463432284328667,-0.046882135676961756
2025-11-10,0.3878612716763006,0.5565210920289718,-0.16358931259755244,-0.005070507755118747
2025-11-11,0.5481363364560494,0.5495915888333786,-0.05821218283472026,0.056756930457391164
2025-11-12,0.3736484189051343,0.5439582193749115,-0.11313107620671455,-0.0571787242630627
2025-11-13,0.3757598359127354,0.5393674887901632,-0.1633281644131696,-0.00027948846425818186
2025-11-14,0.8230130057803469,0.5338849839759882,0.2969377455377524,-0.007809723733393725
2025-11-15,0.823718068245385,0.5260230078942423,0.2766563009630167,0.02103875938812605
2025-11-16,0.5016968114861086,0.5171544377025042,-0.0758593292675732,0.060401703051177535
2025-11-17,0.3645472061657033,0.5098785678813706,-0.13105308473172628,-0.014278276983941074
2025-11-18,0.4716763005780347,0.5049753284151125,-0.04440013976341049,0.011101111926332674
2025-11-19,0.27976878612716766,0.5011039423975591,-0.15491543547585684,-0.06641972079453456
2025-11-20,0.28053949903660885,0.4974962711782507,-0.1860338246349885,-0.030922947506653364
2025-11-21,0.7768446106766406,0.4943134304292034,0.30379470902910605,-0.021263528781668872
2025-11-22,0.7798100743187447,0.49221517879687404,0.2709574947629079,0.016637400758962695
2025-11-23,0.4391522157996146,0.49196461515361467,-0.07086846828318141,0.018056068929181324
2025-11-24,0.43498809928595716,0.492496558000068,-0.10432604243965161,0.04681758372554079
2025-11-25,0.43319037851948533,0.4932251624091987,-0.052675426552790526,-0.007359357336922889
2025-11-26,0.3433526011560694,0.4928703939228969,-0.15395441556508085,0.004436622798253409
2025-11-27,0.2723848592205855,0.49082349206135795,-0.17580199018990886,-0.04263664265086359
2025-11-28,0.8066061106523534,0.48808758316957845,0.2994429697734774,0.019075557709297586
2025-11-29,0.7021469859620149,0.48691643145112384,0.24905926260612427,-0.03382870809523325
2025-11-30,0.41103859779973895,0.48895622860795834,-0.09057508479430491,0.012657453986085476
2025-12-01,0.40711610486891386,0.49332800138175775,-0.09358191517240508,0.007370018659561162
2025-12-02,0.4014981273408239,0.49731667237524846,-0.05784652899454093,-0.03797201603988365
2025-12-03,0.37296761401189693,0.500278616400778,-0.12557744427754297,-0.0017335581113380738
2025-12-04,0.37043338683788124,0.5036084586415347,-0.14716419882305437,0.013989127019400915
2025-12-05,0.8517184401850628,0.5088380320377843,0.27583930931978423,0.06704109882749432
2025-12-06,0.7583467094703049,0.5149931565613778,0.25066526185575555,-0.007311708946828421
2025-12-07,0.3180766688697951,0.5190524854196235,-0.11050447024872365,-0.09047134630110476
2025-12-08,0.41443117977528093,0.5203058074511095,-0.09768580584700799,-0.008188821828820636
2025-12-09,0.49475655430711607,0.5203940612926792,-0.061246872898727815,0.03560936591316466
2025-12-10,0.5731300160513645,0.520181406377752,-0.11113391468439364,0.16408252435800608
2025-12-11,0.43183520599250935,0.5202617515598127,-0.11815285090515473,0.029726305337851366
2025-12-12,0.6838951310861423,0.5207597777267999,0.24796390857692363,-0.08482855521758126
2025-12-13,0.5205272255834054,0.5198246835894283,0.256776538467546,-0.256073996473569
2025-12-14,0.4440282979608823,0.5158076753507994,-0.12435318000770315,0.05257380261778599
2025-12-15,0.39232744783306583,0.5103623975530646,-0.09402326177425448,-0.024011687945744264
2025-12-16,0.4543071161048689,0.5050341278244308,-0.06046170128771019,0.00973468956814827
2025-12-17,0.387508261731659,0.49857742363273694,-0.09597073918071267,-0.015098422720365323
2025-12-18,0.40486891385767787,0.4882631251951262,-0.10896085242849696,0.025566641091048614
2025-12-19,0.7127340823970038,0.4743595833463068,0.20600895674679903,0.03236554230389799
2025-12-20,0.7611778380472685,0.4602437045903225,0.2667536603936521,0.03418047306329386
2025-12-21,0.2908129543952413,0.4460432839138839,-0.11370376496461297,-0.041526564554029644
2025-12-22,0.3467944481163252,0.43151713130837577,-0.08565737866367755,0.0009346954716270006
2025-12-23,0.32352941176470584,0.4216123764531579,-0.06774388817321028,-0.03033907651524176
2025-12-24,0.3129874421678784,0.41949068111728266,-0.08571636754926354,-0.02078687140014074
2025-12-25,0.2722441542666262,0.42392954132758387,-0.12103306555107693,-0.03065232150988073
2025-12-26,0.9987467588591185,0.43228158225323443,0.1832551273481227,0.38321004925776136
2025-12-27,0.6431228206121657,0.4429295014366087,0.28506238388158583,-0.08486906470602879
2025-12-28,0.3555188367481824,0.45380024990050943,-0.10152916445457848,0.003247751302251467
2025-12-29,0.4413086582947786,0.46576610677545305,-0.08683526425351742,0.06237781577284296
2025-12-30,0.42676801057501657,0.4786907826931701,-0.09538499979374977,0.043462227675596266
2025-12-31,0.43483146067415734,0.4900004760761422,-0.04517551194074011,-0.00999350346124478
2026-01-01,0.3868209578913533,0.49815684720111264,-0.14305245419721543,0.03171656488745611
2026-01-02,0.627766393442623,0.5036727030596223,0.16384429057965477,-0.03975060019665411
2026-01-03,0.8190375462718139,0.5077208433506498,0.31532333854808925,-0.004006635626925159
2026-01-04,0.4317261330761813,0.5160770611501799,-0.09618395995634416,0.011833031882345524
2026-01-05,0.37887067395264123,0.5312249113186011,-0.09473838980279146,-0.05761584756316834
2026-01-06,0.4284153005464481,0.5505539064431418,-0.11590904617721409,-0.006229559719479583
2026-01-07,0.29791666666666666,0.5707695037238211,-0.015978195780941094,-0.2568746412762133
2026-01-08,0.3755062680810029,0.5894947171678441,-0.14656164195425087,-0.0674268071325903
2026-01-09,0.7908925318761385,0.6066983293045726,0.13984508637850643,0.04434911619305948
2026-01-10,1.0381733021077284,0.6222468268296507,0.3461800191431914,0.06974645613488628
2026-01-11,0.5738669238187079,0.6332269701064649,-0.09760885437868518,0.03824880809092812
2026-01-12,0.5638251366120219,0.6354935773973992,-0.12614550015469253,0.05447705936931524
2026-01-13,0.4214936247723133,0.628918378576157,-0.11801040009973868,-0.089414353704105
2026-01-14,0.7036543715846995,0.6175339973660939,-0.005428753569051527,0.091549127787657
2026-01-15,0.49477459016393444,0.6032043504414183,-0.15023438363008645,0.0418046233526026
2026-01-16,0.6879605147188437,0.5876266675541623,0.15633072687142338,-0.05599687970674194
2026-01-17,0.9395264116575592,0.5719107527630336,0.37343559887184186,-0.005819939977316224
2026-01-18,0.40506982392228297,0.5557330357206706,-0.1123069217600623,-0.0383562900383253
2026-01-19,0.3855009107468124,0.5394031708156639,-0.1571530063376897,0.003250746268838256
2026-01-20,0.4506375227686703,0.5246831491721219,-0.11553145367831666,0.04148582727486505
2026-01-21,0.4921448087431694,0.5133894815131032,-0.016199213116291564,-0.005045459653642226
2026-01-22,0.35755332275691876,0.5046743408607862,-0.1426896522776342,-0.004431365826233269
2026-01-23,0.6568306010928963,0.4960056869772963,0.19556123542342582,-0.03473632130782589
2026-01-24,0.8449648711943795,0.4874428321771287,0.3889229559607409,-0.03140091694349012
2026-01-25,0.402378656380585,0.48082612869380553,-0.13696087331062964,0.05851340099740915
2026-01-26,0.2571948998178506,0.47768534004964414,-0.17396739992195945,-0.04652304030983412
2026-01-27,0.40327868852459015,0.4760289101905936,-0.09677037645424247,0.02402015478823899
2026-01-28,0.35988013396791824,0.47345217990524935,-0.07648073232066967,-0.03709131361666146
2026-01-29,0.3296903460837887,0.4691118557732885,-0.12819905414377433,-0.01122245554572543
2026-01-30,0.7641393442622951,0.463594269559244,0.24287174958185542,0.05767332512119572
2026-01-31,0.9170273224043716,0.45836087180510804,0.381875115597018,0.0767913350022455
2026-02-01,0.25056320400500626,0.45472797164027995,-0.14597911081913287,-0.058185656816140796
2026-02-02,0.2631205673758865,0.4511410682000542,-0.1721398385515055,-0.01588066227266216
2026-02-03,0.3354609929078014,0.4463832651445331,-0.09322826261632082,-0.017694009620410844
2026-02-04,0.32553191489361705,0.4396173138757877,-0.11490355312140335,0.0008181541392327518
2026-02-05,0.3106382978723404,0.4320279641987696,-0.10886335833849506,-0.012526307987934138
2026-02-06,0.7443262411347518,0.4246626706597441,0.2800088703309184,0.03965470014408923
2026-02-07,0.8091185410334346,0.41690050921304506,0.35602817906188605,0.036189852758503505
2026-02-08,0.2533166458072591,0.40691435025417066,-0.1566874082790128,0.003089703832101276
2026-02-09,0.24574468085106382,0.39573741959507347,-0.14771368657739725,-0.002279052166612394
2026-02-10,0.28900709219858156,0.38580802773793,-0.10051345576367496,0.0037125202243265543
2026-02-11,0.21565349544072948,0.3785982848836801,-0.12048684297581051,-0.04245794646714007
2026-02-12,0.288767209011264,0.374149706903245,-0.07637066956524781,-0.009011828326733196
2026-02-13,0.5840425531914892,0.3733896939836585,0.2891254020969293,-0.07847254288909855
2026-02-14,0.6276241134751773,0.37701551210366085,0.27232360792659216,-0.02171500655507569
2026-02-15,0.23623670212765957,0.38569061604346905,-0.1643731227446353,0.014919208828825858
2026-02-16,0.29291888297872337,0.3995616631685643,-0.1260685545115324,0.019425774321691514
2026-02-17,0.2812167553191489,0.41494680297217634,-0.10073160821234288,-0.032998439440684535
2026-02-18,0.2970275344180225,0.4273465805001894,-0.11916481329225072,-0.01115423278991623
2026-02-19,0.3840425531914893,0.43768971122718825,-0.07466687994360671,0.02101972190790774
2026-02-20,0.8455730954015098,0.4483650235380596,0.259050574221974,0.13815749764147622
2026-02-21,0.526595744680851,0.4605182831018853,0.37268878528565397,-0.30661132370668825
2026-02-22,0.2574468085106383,0.4731757510462538,-0.18800088496362938,-0.027728057571986153
2026-02-23,0.3333088774761555,0.48481315155698335,-0.134637262962387,-0.0168670111184408
2026-02-24,0.36987082066869303,0.4947264661311645,-0.09915634685475909,-0.025699298607712362
2026-02-25,0.3935382190701339,0.5090760792879605,-0.11768396967307114,0.002146109455244516
2026-02-26,0.47373440939104916,0.5308823378697367,-0.09195697810328449,0.034809049624596966
2026-02-27,0.7533749082905354,0.5533677530648888,0.24900203561138307,-0.04899488038573652
2026-02-28,2.099499374217772,0.5709540441822973,0.4054477029073129,1.1230976271281619
2026-03-01,0.986824574389341,0.584336710721681,-0.2076319417695463,0.6101198054372063
2026-03-02,0.48418455465087584,0.5958038053798572,-0.15822297557449175,0.04660372484551034
2026-03-03,0.5627488410144532,0.6066791431605172,-0.09437023892036167,0.0504399367742977
2026-03-04,0.5416985807614327,0.6156252617492919,-0.12478383644475967,0.050857155456900505
2026-03-05,0.422830310880829,0.616469172842193,-0.114791868798915,-0.07884699316244903
2026-03-06,0.8628138700677559,0.6080186085109185,0.25407145828651684,0.0007238032703205111
2026-03-07,1.1157831805500198,0.5989105868389858,0.5085288205155051,0.008343773195528925
2026-03-08,0.3818652849740933,0.591826407337014,-0.2289490332809408,0.0189879109180201
2026-03-09,0.36770850743774025,0.5879893576923182,-0.17088701990196473,-0.049393830352613244
2026-03-10,0.49497807891590273,0.5874264770016003,-0.10053183347929305,0.008083435393595462
2026-03-11,0.4119349651599071,0.5893090269525912,-0.12432718087365179,-0.053046880919032424
2026-03-12,0.4993622957353527,0.5933975667123886,-0.12262466761092473,0.02858939663388882
2026-03-13,1.1674438687392055,0.5995274930807732,0.2734556732025792,0.294460702455853
2026-03-14,1.0318540211759404,0.6079474774213134,0.4423004386261388,-0.018393894871511884
2026-03-15,0.3818652849740932,0.6190024199319915,-0.2248747465936871,-0.012262388364211119
2026-03-16,0.4502590673575129,0.6315835722338237,-0.15764020611823834,-0.02368429875807243
2026-03-17,0.5658031088082901,0.6464291826232446,-0.1390030594971407,0.05837698568218619
2026-03-18,0.5618060695780903,0.661600362256094,-0.06328611462683764,-0.03650817805116602
2026-03-19,0.5377628771715939,0.6733586096781148,-0.10115624959481663,-0.03443948291170429
2026-03-20,1.0526230569948185,0.6839458874890472,0.2695210927877284,0.09915607671804294
2026-03-21,1.3521342215642735,0.6941356931749392,0.39007293535914983,0.2679255930301845
2026-03-22,0.7534347317399297,0.7013005565319215,-0.21192609947633892,0.2640602746843471
2026-03-23,0.5957858376511227,0.7054825688646894,-0.1282547219402808,0.018557990726714046
2026-03-24,0.4877970341254243,0.7086909290610371,-0.20540626009267074,-0.015487634842942133
2026-03-25,0.4536787564766839,0.7068892897853138,0.03352041070558562,-0.2867309440142156
2026-03-26,0.6450777202072538,0.6966833749856428,-0.12623555523062108,0.07462990045223206
2026-03-27,0.918300518134715,0.6847682684025448,0.23979447235404422,-0.006262222621873925
2026-03-28,1.0199072811562584,0.6732863311119617,0.34299528815763497,0.0036256618866616908
2026-03-29,0.44590064004876556,0.6619039950641709,-0.17181961739101498,-0.04418373762439032
2026-03-30,0.5640376127422759,0.6508162063565017,-0.11858219152093281,0.03180359790670706
2026-03-31,0.36162229765946036,0.6442060655548569,-0.21354810978856206,-0.06903565810683454
2026-04-01,0.8044444444444444,0.6431826098275618,0.15526410839376187,0.00599772622312067
2026-04-02,1.158922558922559,0.645611852419544,-0.16464415495141813,0.6779548614544331
2026-04-03,0.7716049382716049,0.6499330713406323,0.1466964927498821,-0.025024625818909407
2026-04-04,1.1471264367816092,0.652157545604535,0.29470090877516686,0.20026798240190735
2026-04-05,0.5193415637860083,0.6529794613594715,-0.12507135477909717,-0.008566542794366083
2026-04-06,0.6071428571428571,0.655546499307406,-0.11270872568183267,0.0643050835172837
2026-04-07,1.0322222222222222,0.6579274452345968,-0.22410335589031724,0.5983981328779425
2026-04-08,1.648,0.6580814404410159,0.2822574861465513,0.7076610734124328
2026-04-09,0.4270833333333333,0.6557688054750588,-0.1962352533079143,-0.03245021883381116
2026-04-10,0.7281481481481482,0.6497951155754667,0.05861640968999944,0.019736622882682076
2026-04-11,0.9060931899641577,0.6416038950714753,0.24390592214441534,0.020583372748267048
2026-04-12,0.5867383512544804,0.6310873218962149,-0.07392792462196265,0.02957895398022814
2026-04-13,0.4397849462365591,0.618547834993134,-0.11101810261340139,-0.06774478614317359
2026-04-14,0.40698412698412695,0.6053651170945065,-0.23186313240596884,0.03348214229558932
2026-04-15,0.4869731800766283,0.5920210643663195,0.4091601167530569,-0.5142080010427481
2026-04-16,0.35912698412698413,0.5785901437632521,-0.23206610730424446,0.012602947667976427
2026-04-17,1.0955555555555556,0.5650480761144744,-0.026036781648605536,0.5565442610896868
2026-04-18,0.7255144032921811,0.5513169808984458,0.19083649522841273,-0.01663907283467747
